479,Elizabeth Warren,2,bafybeih433723koiboeawmexycbhymunwijabt77r7mv4nxcmp2m3b2qbq,draft/479-2-Elizabeth Warren.png
526,Ted Cruz,1,bafybeiej2czqfi5smogzgyen63ycerufvpb5b7hvguorjaoem3agyhlxi4,draft/526-1-Ted Cruz.png
220,Tom Emmer,2,bafybeiavwpshi5xzastli6pirg4smruuwxjuxg3xyvd66i3bo2nfdxqtay,draft/220-2-Tom Emmer.png
51,Brad Sherman,1,bafybeihmhifgsy6df2blwmjs2xjhfjf6txn2ch6ajse2xdllztq2mipjz4,draft/51-1-Brad Sherman.png
640,Cynthia Lummis,2,bafybeiadoufeb2xv5lpt7n73peikdxoosdwlnixbn62pbi33kpyetbypoi,draft/640-2-Cynthia Lummis.png
573,Mitch McConnell,2,bafybeidhw3vdwejenl33n6wtdobnrkow7jffpq6el6gturyxahn7gicrju,draft/573-2-Mitch McConnell.png
531,Bernie Sanders,2,bafybeicl575oq5exmzp7to47ubasx37gcuc4frajyzl6vbquc6uobq2bki,draft/531-2-Bernie Sanders.png
213,Rashida Tlaib,1,bafybeicd3uynnjiefjxna76kduiakhhuhau5lvngvcq7qevyuicpokvtue,draft/213-1-Rashida Tlaib.png
273,Alexandria Ocasio-Cortez,0,bafybeiex3r6o4gmoblr5s6346x6eyyli2ls2pn6rkdtw5byr47a7ufnouu,draft/273-0-Alexandria Ocasio-Cortez.png
515,Pat Toomey,2,bafybeictf2ixlhbhp4bey4dhqdbgkvnogk3nj7zecm56aeme7d3q6cs3dy,draft/515-2-Pat Toomey.png
514,Ron Wyden,0,bafybeidbrrmsapi6wjdcfmmy2srroy4yckbzwnwpm4tahhiwfjfwjmghha,draft/514-0-Ron Wyden.png
510,Sherrod Brown,2,bafybeicts3ted53akqqpovmwv5m3zqb3hxla4k7lpw4lrfudcriw5yxtuu,draft/510-2-Sherrod Brown.png
33,Nancy Pelosi,2,bafybeibxfc4ofzbia3pgdgbzbeztuqbd4q2on7u2hofkeeh5choviidp44,draft/33-2-Nancy Pelosi.png
219,Ilhan Omar,2,QmRWYzg8d5HbKRch9YjxJx9T8ZUZVADz7ZauzdFrpw5zF5,draft/219-2-Ilhan Omar.png
296,Patrick McHenry,2,QmRxmP3T7iCKzMU8zY2VMBbP76TGudnmNYL4VDkQdCoLM6,draft/296-2-Patrick McHenry.png
603,Chuck Schumer,2,bafybeigckrmma3z23zgj6frlovxepjtgp4x5v6ps3zabqb246rb4e5j64e,draft/603-2-Chuck Schumer.png
574,Rand Paul,2,bafybeienqcex4iolgu3owe2zzyoucbxkkakw22376nmbzurkicrcxm3ewq,draft/574-2-Rand Paul.png
545,Kyrsten Sinema,0,QmQBeFxLDM7zMvjxex1y3hTBuERdgawhbsnKQnD7ocMDnG,draft/545-0-Kyrsten Sinema.png
450,Dianne Feinstein,0,QmWAzX32Wiom4DDP1W7ybDPQKDjjGrJWASv6VXCVDrHdHQ,draft/450-0-Dianne Feinstein.png
274,Ritchie Torres,1,bafybeia4mexx5m43spf2bbqaor52ufz2efzzfop6h6nd7b3e7irb7fm5cy,draft/274-1-Ritchie Torres.png
528,Mitt Romney,1,bafybeif5jd7rf44wjgicdfa3vcqjtxr3wehghvlcsgvyiscrj6mv3pxbvm,draft/528-1-Mitt Romney.png
309,Warren Davidson,1,QmZEYdTf1Er5fUPQ2PwnF5RFrWmaEputNuK58vQ2HR1U6Y,draft/309-1-Warren Davidson.png
38,Ro Khanna,0,QmQgXEp4M3yPf3rW5SZKMz6KntQGpc7bh7ZqyAADh1Thak,draft/38-0-Ro Khanna.png
460,Raphael Warnock,2,bafybeibeuu53dlt7zbekqll75q4edssp5rsnv4eg3cotsafvybl3rdbgz4,draft/460-2-Raphael Warnock.png
537,Joe Manchin,1,bafybeibumtlp2wfk22yy4s7ohnqodd4lvtdvquorawkmhy2tai5kcl7nx4,draft/537-1-Joe Manchin.png
529,Mark Warner,0,QmeDL6UkAwrMzzTGQ7gHQmndRNXcP8BWxVwxeqa2TsZJiw,draft/529-0-Mark Warner.png
64,Maxine Waters,0,QmXkY8EKbLCG47W4DVaaSC8fRt2dff1HBVrK3xVYBreqv6,draft/64-0-Maxine Waters.png
49,Adam Schiff,0,QmVnNpxX7NaRFac6dftaSvTuTyas33BWbmQ43RqAwQsb9Y,draft/49-0-Adam Schiff.png
97,Darren Soto,1,QmZGrmEA99gJedi78LK8dFKg81TxwNYuWPRejz4HCSQL5C,draft/97-1-Darren Soto.png
446,Tom Cotton,2,bafybeie6xso5dm2mms6l2f7h7aj2yti25p5ivp5czni6zzrge5yzq7le5q,draft/446-2-Tom Cotton.png
480,Susan Collins,1,bafybeibngwjozeqitat5qjyi7htge4xq2i53juq3chj5li7wtz7ai5lsci,draft/480-1-Susan Collins.png
519,Lindsey Graham,1,bafybeifoqojtygyim4d5br6pfeoozpytuxhldlxdo4sjf5wc2gzspimt4i,draft/519-1-Lindsey Graham.png
199,Stephen F. Lynch,0,QmTXnppmYvE3wF7KTBEmgCGZkc7NmTH2pMPN28xCkEyXYj,draft/199-0-Stephen F. Lynch.png
299,Ted Budd,2,QmWwo8z3gvEjyR2sRvCVSKWq8VeZnb1tjQDYZ3XgVkq3U7,draft/299-2-Ted Budd.png
195,Jake Auchincloss,2,QmQoQHhMh1BJD5pXeet7eYo8QW522DESNKZkRkX3myW2yL,draft/195-2-Jake Auchincloss.png
627,Mike Lee,1,bafybeigj5gyvcpevhqcvgtp3bwf3fcwcaxxb2pqvfmmsscj65yvf5fqgji,draft/627-1-Mike Lee.png
600,Cory Booker,0,QmURTkkE8Y5siVsB3LGAvRxJjZoiCL6C5x8FNasZiGA16U,draft/600-0-Cory Booker.png
44,Kevin McCarthy,2,QmNwcUhVmifwUp4rEn6CkEGTHos7aivgHchGremVj8qcfW,draft/44-2-Kevin McCarthy.png
497,Ben Sasse,2,QmYVasFWxfuPa2nqKF9xPDmFdnmfpwbXzhJysvbytSu1uh,draft/497-2-Ben Sasse.png
457,Marco Rubio,2,Qmd7pHCVC5W2CVyVY941skKhcTRhQpX7GDGf6K5Mh5tBAh,draft/457-2-Marco Rubio.png
458,Rick Scott,0,QmQpe4N1YUiLymEVcJKtU6b45GhQ7jtiDtyX3HzHLTvGdi,draft/458-0-Rick Scott.png
620,Tim Scott,0,QmbXzCRk9CZr5AG64QCNZ85xxh9HShBi9ZuNp3DaBDiwWq,draft/620-0-Tim Scott.png
476,John Kennedy,2,bafybeiam4ghi72ommbawengxvcoybwsfqhhlkpcvt4ioichi6wyeynb2a4,draft/476-2-John Kennedy.png
487,Josh Hawley,0,QmQsi1BCE5p43tyiwuERXAKZVuTN2N986fcf4hQyWupRFc,draft/487-0-Josh Hawley.png
77,Lauren Boebert,0,QmSWmusVdNTT8rQjwzWnmRSQWb8AtViDAMSYecJxwDbsD8,draft/77-0-Lauren Boebert.png
36,Eric Swalwell,0,QmXzCULyNhq7aY3YdJkBov4Nu5hWDANJ6xYWU7jk2TFutt,draft/36-0-Eric Swalwell.png
610,Rob Portman,2,QmQBQDXZ999EA3fK6ihZJvJiFgEn46NvX3kWiFoPx4k3qb,draft/610-2-Rob Portman.png
85,Jim Himes,2,QmWt4UM3mcM3XwoaHeoKaTAwELUUewyM8nyZXfwf8E16Jj,draft/85-2-Jim Himes.png
317,Anthony Gonzalez,0,QmaMhCwFxCapzDiccRKpnCAy7zH4eic2SFCCkSJEhnx5GB,draft/317-0-Anthony Gonzalez.png
202,Bill Huizenga,1,QmNs7t2iKy4N1xP6uHQbRN9iPpZhhxnJufxTCw9sGknPEi,draft/202-1-Bill Huizenga.png
559,Jon Ossoff,1,QmYvCvFVY4JSWPpwgcFTjSYgy1aGt1crkYQyUXjZoqraet,draft/559-1-Jon Ossoff.png
297,Madison Cawthorn,2,bafybeiais6m5b2ymrnzdtugzbrrwzonckxbjjhj335vflfbnh675w7kpim,draft/297-2-Madison Cawthorn.png
637,Ron Johnson,1,bafybeiefnzkw25vedtca3rvj3k4cewlg2glbqr2yins74hl7xdilpifz6m,draft/637-1-Ron Johnson.png
43,Devin Nunes,1,bafybeia2rxbtujasnww4aa5xpkjdkllf6dfrdug6sgcbyresq476csis3m,draft/43-1-Devin Nunes.png
440,Liz Cheney,0,QmW7iPc8E2NVEPJ883LdKj6ZsPPs1tJWdeMPxL7uWHscJs,draft/440-0-Liz Cheney.png
89,Matt Gaetz,0,QmNQaQCg5SPDnPuGcWTRrzEagtDmZCgWNsn3EfoapKVs7g,draft/89-0-Matt Gaetz.png
569,Chuck Grassley,2,bafybeig2aruaqkkpe4isvr5xvzu7go7zw4kfsr3ynozytsspad2pz6mvwe,draft/569-2-Chuck Grassley.png
442,Lisa Murkowski,0,bafybeihlxofp3sb2zyezkq4tfqvicwbea76jpzwjavwdszrktghswdqfji,draft/442-0-Lisa Murkowski.png
8,Don Young,0,QmTfCDtp2n7Qb2GYCDivznEA8FfBnqUaTX2aP4r7A5xy3J,draft/8-0-Don Young.png
604,Kirsten Gillibrand,0,QmcLVTr3B8JFpgiEwy5Fhfm2B5M7HLfzJP7v1ewsy5BBCo,draft/604-0-Kirsten Gillibrand.png
198,Ayanna Pressley,0,QmXRouxUemsp7VvnZmUCcFiivYRqogSQBGAZK1juFT9xaQ,draft/198-0-Ayanna Pressley.png
502,Bob Menendez,2,QmVBsqFLRLaajGKjoF7SDMXpyUt9hKvHFbeY7Twbxs16ay,draft/502-2-Bob Menendez.png
374,Al Green,0,QmU8TmgztDwetJBFcjNU81GWXyf8EaJTcP8iAswuCHSrnM,draft/374-0-Al Green.png
234,Jason Smith,0,QmcesiZeLi23tAsg9kRtbRgLzPaSaRsB7RDzK14EhVoh9v,draft/234-0-Jason Smith.png
145,Bill Foster,1,QmUzx4nkEPtDF9Mf55xuhFNervv6ZW9ubZjZBYpjiE3aoh,draft/145-1-Bill Foster.png
419,Suzan DelBene,0,QmS8cW6Kx5KYAVNYQzna23TGxnpAtRHdtVmr1jD5pFbib7,draft/419-0-Suzan DelBene.png
264,Gregory Meeks,1,QmULcV2vN5apj6Ub66p42dZPps9xBNroneCaMtmcW6AGnE,draft/264-1-Gregory Meeks.png
592,Steve Daines,1,QmfMgKq3kRGv44EbQKH82jkwuJzmTku1BKm9aRLDi2ndQX,draft/592-1-Steve Daines.png
432,Bryan Steil,1,QmQaQVF4Gs8eyLb7gE1ydPm8rkRbEd6jBVbu5TKFAEfd2p,draft/432-1-Bryan Steil.png
19,French Hill,1,QmZVYKrQbyrcddEeoqLFmt85U5S9CErQSbDaqNScsFVPcV,draft/19-1-French Hill.png
362,John Rose,2,QmakKqHcY6UkP61Sv9Pktcb9XhGUbZA248Jp3EDWB4jLwV,draft/362-2-John Rose.png
363,Mark E. Green,0,QmVhhnjwm7gawRCxqBh2uJ9xoJmNtSsjFDrReRtWxrd15h,draft/363-0-Mark E. Green.png
382,Pete Sessions,0,QmPVSE1uWK4BUxUFvuoCJJwFvjyTGUu1gfpMvfB6DRZibo,draft/382-0-Pete Sessions.png
624,Bill Hagerty,2,QmTPHo2a7mMiUQeHqAFTJYKM7EYofG9sDawVHdNxbJiF7R,draft/624-2-Bill Hagerty.png
2,Barry Moore,0,QmZv1ViwemZwyUyxQkYtJo5poaXqxKSVoU3g2kUUVbHAAX,draft/2-0-Barry Moore.png
448,Mark Kelly,1,QmdmVLGRuRj6uTfCjY8gryckcoWAnNavDNT9UDYAtGApwb,draft/448-1-Mark Kelly.png
228,Ann Wagner,0,QmX7jj3hFk4SajS6VkMUymH2vjeinJBzEC2UDQjtkBQrQZ,draft/228-0-Ann Wagner.png
298,Alma Adams,2,QmesaTUeU6LycthYEH5yXfxByZ5QsfW77L5tP74wTVPSCf,draft/298-2-Alma Adams.png
305,Jim Jordan,1,bafybeiaoxcksbt2abjtrc2rylfmluf7bk6i7k3f7z6uoficlw5jje6hcry,draft/305-1-Jim Jordan.png
634,Maria Cantwell,1,bafybeibj4xytt5sw7g63hm3vvmu6bycnwgi7tczhj6rbts5chf2bfqhg6e,draft/634-1-Maria Cantwell.png
367,Dan Crenshaw,2,bafybeicq3soqqgl7iivlkeycfnchivwbfclmytngesevvklevwsqxmo6jq,draft/367-2-Dan Crenshaw.png
129,Marjorie Taylor Greene,2,bafybeigehycsmsaqds3xoco2tkhlny3tlp4psbx7s5pksmycmdmue3kqui,draft/129-2-Marjorie Taylor Greene.png
277,Sean Patrick Maloney,0,QmdiJH2NJd8WS4fUpXrmUeX3jvEWs3ySng5EmJXQoveE7V,draft/277-0-Sean Patrick Maloney.png
541,Richard Shelby,0,QmZamP3Qb6tWBbBpDfRd7kk5F83CemgD2U5gxgGRRZkEiS,draft/541-0-Richard Shelby.png
475,Bill Cassidy,0,QmWEeJ1wcZQKB9qYxPqUSDzf9rbg5J3W8umL7QJrsGnd74,draft/475-0-Bill Cassidy.png
564,Jim Risch,0,QmaCjAeHLE3pwPxUqaLs7gGCmZ5akPY59TPrZcnzRJ83si,draft/564-0-Jim Risch.png
586,Tina Smith,0,QmaeQR2XbzTjLRv512Gq52KmhUA3Lt5pMEmXSuoTHSYSLT,draft/586-0-Tina Smith.png
249,Josh Gottheimer,1,QmWxD3kKyCNiZMJYvabAUGorz1ZfcGHWaHnSSCUUyPs2PL,draft/249-1-Josh Gottheimer.png
90,Neal Dunn,2,QmcP8QB9YwxeQXFtD4N7BQyxJ8xjz5WgneSuoV2sCBVPXT,draft/90-2-Neal Dunn.png
14,David Schweikert,0,QmWT3E3tWwEgc3ZuBgrCHzKnwGKwbuyFf2FoVciamBnqY9,draft/14-0-David Schweikert.png
173,Thomas Massie,0,QmY8jACNWmaWK59g1vg2U7GLdh1rXgo5WajvUBLi9M3X4W,draft/173-0-Thomas Massie.png
349,Nancy Mace,0,QmafN2V4KTTi37dJM5ktz1ys4bCaaRzXs6g8uecK7o9Pv5,draft/349-0-Nancy Mace.png
622,Mike Rounds,0,QmUF5XReZiLQaMQBMcL5Q5aH6VUnwarVRYmEGdrcrn4X4t,draft/622-0-Mike Rounds.png
4,Robert Aderholt,0,QmSTaM3ukoVjQQABiXyhG3YBbF2qXXvwJuEhdNnYgjceYb,draft/4-0-Robert Aderholt.png
126,Barry Loudermilk,2,QmUBiDSm77zujXEntWJgKgJMtGofr1SD6APmzpn4ZLDESk,draft/126-2-Barry Loudermilk.png
408,Elaine Luria,2,QmSWex9mQC77kPLhkCEPuj1pf3UZF53XEgHGBc1Q57DW58,draft/408-2-Elaine Luria.png
175,Andy Barr,1,QmfPpjRz5rJ2SVKGteP5jPUyx25WWaU3BZTzHJad3LTZPr,draft/175-1-Andy Barr.png
394,Sylvia Garcia,0,QmYocbek5fcYzVvxL4Uciz8yaB6xfo1xFj8pooeLbPGRUq,draft/394-0-Sylvia Garcia.png
203,Peter Meijer,0,QmbS5o5EcFN9dZDVCTu8r7xRRTpaQJxBx6kczbV3TX5cR3,draft/203-0-Peter Meijer.png
161,Trey Hollingsworth,0,QmTDAXdM16k8bwveoeuTUBRRWRgdKpMWqSWAkvgzKnMpcb,draft/161-0-Trey Hollingsworth.png
390,Roger Williams,2,QmXmBkd2zAbrvd69QV9DBytXLhNt7dr45tELwUppfLnWFY,draft/390-2-Roger Williams.png
368,Van Taylor,0,QmZZV4nN1znrr81AV37gCSdK1bURVXFfYsHD22mHvWfj4U,draft/368-0-Van Taylor.png
137,Marie Newman,0,QmUkU3bScnRDUU8W4kVffiEVsjWfh6Vpd7yXNNeUe4qxgu,draft/137-0-Marie Newman.png
269,Jerry Nadler,2,QmRE4mtyYGnNEg5rZfBpTrwBT8y2VMWAcLahteWCJPLXeY,draft/269-2-Jerry Nadler.png
383,Sheila Jackson Lee,1,bafybeicn54kbs3sfektq5723n7wpijl5jjzh5bayglmzl57xzjldelaqke,draft/383-1-Sheila Jackson Lee.png
364,David Kustoff,2,QmecNZupJmZhjrdjyoCo59WKvbCgWBG4ubLjPNbFtniHes,draft/364-2-David Kustoff.png
93,Al Lawson,0,QmWLoGVJjsEpgy8CQFLJxyXbcEhJrzz1nKi4w9WbAFdpB8,draft/93-0-Al Lawson.png
425,Pramila Jayapal,2,QmZtrNx8kTj2Xa5bZTmyee7ntV5MXZBbnqQv7pUwKQiZKa,draft/425-2-Pramila Jayapal.png
94,Michael Waltz,0,QmedGuWXQz6o3jD4PTrTWwNVw23cursD3s3kZv6wNMNo9P,draft/94-0-Michael Waltz.png
227,Cori Bush,0,QmdH1EQnuhxiYg2Luu3t9nd2xYnFcV16N5yRu17wrPT6XG,draft/227-0-Cori Bush.png
585,Amy Klobuchar,0,QmTZQQBtDR7VLbUfcaEmg3tSZEdE2RZB4xTSVPkyuLcCyx,draft/585-0-Amy Klobuchar.png
352,William Timmons,2,QmPyXPtfYnUY9ikozG6pcotjDsPrp3QDDxRw39VZm5y92W,draft/352-2-William Timmons.png
430,Alex Mooney,2,QmVCecbi2rYTpvhM1uBbkoubRCtyofCmnu81bQgjSNsDiv,draft/430-2-Alex Mooney.png
140,Sean Casten,1,QmT1WdupsvVGYtxaipxWfgbSRQ7TEVr3yEQXRfmfim6iWD,draft/140-1-Sean Casten.png
375,Michael McCaul,0,QmQzwp3zSyxbcmhrTcA8zVCD7Lj9iMn8eZegaW8NgzYcrk,draft/375-0-Michael McCaul.png
423,Cathy McMorris Rodgers,1,QmbS8ntmeYpTaR959dX6EShjnMKWmDh9d9YFtvLPAGPwDa,draft/423-1-Cathy McMorris Rodgers.png
283,John Katko,0,QmZYWWueJpto8sjrGL9kosGv45W56GqS3RSCYcuydgov9b,draft/283-0-John Katko.png
81,Ed Perlmutter,1,QmcFVxaJ4RjqacT4YEz5mScLpaUrVE1BjEitz1qdoYZfKn,draft/81-1-Ed Perlmutter.png
229,Blaine Luetkemeyer,1,QmfEMvuChEXoaEyWYAki8vfn5kiJoFNM8NMzTx4Fo1aTWT,draft/229-1-Blaine Luetkemeyer.png
441,Dan Sullivan,0,QmPUQQU1uiMK6FHGasFU5QjKJjZrW46xHdFhHc2nrK3k2u,draft/441-0-Dan Sullivan.png
194,Lori Trahan,2,QmXaqDVWj3D5yQbQqJFiKXKW85kZRsJsKsyeYt7fNNWdaD,draft/194-2-Lori Trahan.png
582,Ed Markey,0,QmPXNc2x5r5M5ByCrEq1Yn6TetDcWzEQxbXpDmfmX9RK8S,draft/582-0-Ed Markey.png
23,Jared Huffman,0,QmcXGZZwXgFRA8uwKiqKdBrM3bcCHXPHL5VdGcfnpntG4c,draft/23-0-Jared Huffman.png
617,Jack Reed,0,Qmdj1qDtvZ4yEPysCrzxdYLJnbKA1m7PZXYXdRkv3XATYA,draft/617-0-Jack Reed.png
414,Don Beyer,0,QmTtX13mkRTgpbfEh2AuoHwh91Nu2kb7xKbirqvX6KJuzh,draft/414-0-Don Beyer.png
331,Madeleine Dean,1,QmTsfAPB3oVG5mP4gPmy3doQkUu2orkT5AZEvYjNAJ4BiY,draft/331-1-Madeleine Dean.png
427,Adam Smith,0,QmWw83csJhgWs2uKF2C73WJMDkAutSUtuRtY6TSwTHHUiN,draft/427-0-Adam Smith.png
54,Ted Lieu,0,QmVMKT1pjcXytseboKisJDNJ4ahz3DJDFPxBkYbD6NzcHi,draft/54-0-Ted Lieu.png
589,Roy Blunt,0,QmVkdW11NqvhBr2zepZEEkDypR5nUuigkdG7icsF5s9rXD,draft/589-0-Roy Blunt.png
542,Tommy Tuberville,0,QmbiPoLJXgBML1N9NDVt6rTSD47XZgtinrkGhbugxVfoja,draft/542-0-Tommy Tuberville.png
12,Paul Gosar,0,QmSfk7mrce96Wy6ajTXvawh7Lx5EeW81gGCs4QJ3DFuhxN,draft/12-0-Paul Gosar.png
307,Bill Johnson,1,bafybeiastlabekxu2wnwuvor3zqxl3swb4nrb33jjph52fmnj3qsghejpm,draft/307-1-Bill Johnson.png
176,Steve Scalise,1,bafybeibzttgpzyf2lv2k7vlbyifw4xibs4cmzpf5mwjksoema7zkwuuzsq,draft/176-1-Steve Scalise.png
411,Bob Good,0,QmfRHXQAzd6rEXL2AUa6eh43PHCBin3tqo8FLDAsC72eUq,draft/411-0-Bob Good.png
455,Chris Coons,0,bafybeicdxnndgy3ttxsqjmvpfx64sgy5e7fe3myf5csk5joho4amcleq7a,draft/455-0-Chris Coons.png
280,Elise Stefanik,1,bafybeidibwc2rcoemeakdfqh4u3nf7wqmcmjtb4ek7fz2eg4wkkedybsay,draft/280-1-Elise Stefanik.png
248,Chris Smith,2,bafybeie3fox75p4gy4pijm7mqfkzwvodkwwnb7bs2przbgxu76hwdpfl2a,draft/248-2-Chris Smith.png
111,Debbie Wasserman Schultz,0,QmQ6uw55QQgVBWCUk3JeCUPDY6bbnqQ5ZkvgHKg5XGu1bd,draft/111-0-Debbie Wasserman Schultz.png
144,Brad Schneider,0,QmR6rBaUa2Z4EcLCRc3TYaRAFbYqk1mki3UCLNEgfXVSe8,draft/144-0-Brad Schneider.png
499,Jeanne Shaheen,0,QmYz5JM4Hsus11fg6ryfxFgJWvd1eyuAPRoZK9UutvX8C2,draft/499-0-Jeanne Shaheen.png
267,Hakeem Jeffries,0,QmR8ighgFqjq3KGL6dAsR5S2nKogkWVNEkYhY8C1AS3YmH,draft/267-0-Hakeem Jeffries.png
244,Ann McLane Kuster,1,QmUoRwKFRyt8KeimyUmFE5UYAAGeqYBYsmxTRbRKCBmvWP,draft/244-1-Ann McLane Kuster.png
266,Nydia Velazquez,2,QmbeFyQynmPKr63qgVDWasQf6UYmshSW39ntUhRNs74NFD,draft/266-2-Nydia Velazquez.png
500,Maggie Hassan,0,QmfAx9EyVfgRYgTAzh6i7UCiFFfWLvnmWBct6wYdoqVXy1,draft/500-0-Maggie Hassan.png
192,Richard Neal,0,QmRLYP3v5aAP7HA2S5nbE5okzPB3GU1bb1G7Jzq2gNUx7p,draft/192-0-Richard Neal.png
55,Jimmy Gomez,1,QmaadX2SumhfSpcv1EJPG9F46MKwEj6UaBtkN8JZ41gyyj,draft/55-1-Jimmy Gomez.png
72,Juan Vargas,2,QmSghr6zz78BcQHYseTYwFZD7mEKXoDCPRLRLiSrBWyLQM,draft/72-2-Juan Vargas.png
39,Anna Eshoo,0,QmXiuaNQhxd3gNQicxXXnE51k15KBpmxNZEdmNsLaSgWxU,draft/39-0-Anna Eshoo.png
143,Jan Schakowsky,2,QmXWouYU3ekjQGmrj5ZH3qmGGuffNCDYFjpk86atQgdDsh,draft/143-2-Jan Schakowsky.png
351,Jeff Duncan,1,QmSRmsex4GTsAs62MS9gcRzA7da12rpkKuw4kkNBBqrvaE,draft/351-1-Jeff Duncan.png
361,Jim Cooper,0,QmZ6kyhapyZ7n2bfDXJ1KqxNfsgBgw3tqoMaQXEszoayRZ,draft/361-0-Jim Cooper.png
115,Maria Elvira Salazar,0,QmWKYJXkef2PoEXUfFL5r85UN9suxFmJEsH2SKmbgDe8oM,draft/115-0-Maria Elvira Salazar.png
42,David Valadao,0,Qmce27X7id12RLAusg7w2NnxQtyRQsawAFSsC8uXfwuUxv,draft/42-0-David Valadao.png
625,John Cornyn,0,QmUTwN3Y44PJrSAHyxHdQytbkRu6QVBwjgPXzfTw2CVhjH,draft/625-0-John Cornyn.png
415,Morgan Griffith,0,Qmbe4Jxj9NkTtzf22oq7qxMjutoe7CPTkJa5n3PumHNUG6,draft/415-0-Morgan Griffith.png
282,Tom Reed,0,bafybeiec33fxdz7jryjhk3f3fnbemx2dubu7nsfe2lv5av45flyedf53gq,draft/282-0-Tom Reed.png
464,Joni Ernst,0,QmYCBvixDQiuUZnisM5m57Vn5Dd5ndWSPpJ759MMeZDdow,draft/464-0-Joni Ernst.png
452,Michael Bennet,0,QmaXZ58evyRsbwJxrbyXtGjY73ELwGqsTG7eK5o3BHsEmp,draft/452-0-Michael Bennet.png
405,Burgess Owens,0,QmcXcuJRC9EQiGbJPcbXNgwYeTrrXP9TEQy2yeckpDuLTi,draft/405-0-Burgess Owens.png
142,Raja Krishnamoorthi,1,Qmdt61hCtdw1xZNdrcvLoZh62GbzwrspQ3TpMbPT6jBFUn,draft/142-1-Raja Krishnamoorthi.png
304,Joyce Beatty,0,QmcPS2Yu5hyF3Z45uhvjewfodSL7CyJ89QZa2Q5UDsgyDk,draft/304-0-Joyce Beatty.png
552,John Hickenlooper,0,QmTpZdirfkTChxeYw4w3L8XcqWkwi1wC9cQjZHS4umhjxo,draft/552-0-John Hickenlooper.png
237,Don Bacon,0,QmaMxKZAaSES1HwSfGjsnJwrKHBxwMuHrcGAKj1VdvVgUf,draft/237-0-Don Bacon.png
498,Deb Fischer,0,QmVAhibVEuKECcRep5zEejY1ErhBriujccaA5ot69yyKXf,draft/498-0-Deb Fischer.png
453,Chris Murphy,0,QmRo6RSyWTLEaFcrrPRjgXbjf8HCnHYtcqvSv13yKPApEA,draft/453-0-Chris Murphy.png
404,John Curtis,0,QmPivgGpPYuNUZPXRSXjPDSWPTGJ21prpJfpMUyAAXcKwE,draft/404-0-John Curtis.png
503,Ben Ray Lujan,0,QmNs4LJZEo9rCMnFewgqboiKhhJcudAta9Q37FakmvHyvG,draft/503-0-Ben Ray Lujan.png
402,Blake Moore,0,QmWRwjnhwttkn5pVMFNLEizvVFL6CiubPqDTUEGZbLdJVk,draft/402-0-Blake Moore.png
403,Chris Stewart,0,QmbrbB9fHSRpR9HkjJ1rKeskBVofSEztHcfmk1PSFZ54hX,draft/403-0-Chris Stewart.png
413,Abigail Spanberger,0,QmUA986SqbMUKVZJqBaqteF43RuuJt4sFMTMmy9dmeybRr,draft/413-0-Abigail Spanberger.png
484,Gary Peters,0,QmeKeZgQgSiDcxo24GMjySgAxDtwyVw3R3JZHSaSpC8nPT,draft/484-0-Gary Peters.png
422,Dan Newhouse,0,QmZ2t4TDVH89r78fDbFUenoEAaETuZZ9rtAB4aGrdu4XvZ,draft/422-0-Dan Newhouse.png
504,Martin Heinrich,0,QmUZokCP8HdWGaTzv2SZ6hNQbZuuBcnLXvAa5UaMnqrv9Q,draft/504-0-Martin Heinrich.png
420,Rick Larsen,0,QmVzqRrqvqXaBYV2YiUPtNHNToWcakjAdxf2bDnsdPxmzF,draft/420-0-Rick Larsen.png
73,Scott Peters,1,Qmd776VX3T5PGsLx33HUNq4zApcrPj1i5E3Pf3YBnEiuoR,draft/73-1-Scott Peters.png
128,David Scott,2,QmYNePvxMJdnHtHhn4gkeQqaXf9rxMJeGuWejjuiQox67q,draft/128-2-David Scott.png
429,David McKinley,1,QmVNtXsSpCmPBh4ohApTr6fBgnSkFRNqWQquBek74G6FLt,draft/429-1-David McKinley.png
633,Patty Murray,0,QmcRNkinxWETfZry9wJwGgACwD9hfV32HxB7DikpLtMuTv,draft/633-0-Patty Murray.png
421,Jaime Herrera Beutler,0,QmQM4pzCBfqBCoGEmeRztqKuBNJ3272AqxVB7bCE9XUQYM,draft/421-0-Jaime Herrera Beutler.png
164,Cindy Axne,0,QmQszguoogHYpqKTgoTak9VQ8r6DeigV7JYeAdzLpbvBPV,draft/164-0-Cindy Axne.png
505,Catherine Cortez Masto,2,QmfXRHRJvKUeqmbAKvzripzRQc88bdvNTZVELN7EUh7JY3,draft/505-2-Catherine Cortez Masto.png
426,Kim Schrier,0,QmUwU3aU4yyeBmymmJ8kvvXAKtZEpPCCFEV92SgJ2NXZKk,draft/426-0-Kim Schrier.png
9,Tom O'Halleran,2,QmahhdDt5eNmhYDhgzS7RbFt15YyHm5Nb4AMpTYe1wpaFg,draft/9-2-Tom O'Halleran.png
320,Frank Lucas,0,QmS5YLniecKPmpibjnqjgnM1ykGmamgfgiQYcktrY3oZei,draft/320-0-Frank Lucas.png
491,Jon Tester,0,QmdEo9jywp4FezebCekqjK1ads2muAmnDfr8WYTPJmd4u7,draft/491-0-Jon Tester.png
466,Mike Crapo,0,Qmbm31cvVd5XR9ALNJfQY7RTusJNySjUznEiiwouK2hzm4,draft/466-0-Mike Crapo.png
231,Emanuel Cleaver,2,QmRsEU4zVkNsTqVEyoHbp9j1bKpeFP2sqz9NWti8U9XcTK,draft/231-2-Emanuel Cleaver.png
96,Bill Posey,0,QmQ9B5b4Ja8oddG9jrTghoRkwFZztzDeFbrA9pxnEctj8G,draft/96-0-Bill Posey.png
250,Frank Pallone,1,QmNjU7Yof4quyarm2akB8rYM7sSEd1ahNPLhwxzPAmZkaa,draft/250-1-Frank Pallone.png
196,Katherine Clark,0,QmamCdbvqDwYr6vgUkTwukxJraqHBbwuFMf782pBjYtw6B,draft/196-0-Katherine Clark.png
75,Diana DeGette,1,Qmdja8VdYPsWFXSNpSZuz73WBCuAzTniW4Hne9xeDYnLK9,draft/75-1-Diana DeGette.png
138,"Jesus ""Chuy"" García",0,QmVCANnAcT329KVhwFJ4eUL9h24m6ySg8oMHe2nG1tzccp,"draft/138-0-Jesus ""Chuy"" García.png"
200,Bill Keating,0,QmSfKxmixEA8Vf67Pfomuw7ocg1iEZ6kuSXMunp8xZotqu,draft/200-0-Bill Keating.png
467,Dick Durbin,0,QmeEvuo362QzZfJUunUrxVc9rPDMXYEW4Usp353BDGULbG,draft/467-0-Dick Durbin.png
197,Seth Moulton,0,QmVFjdeakm1mTUXTVAxqBcTNFYcKbNU4BSz5bnJpkZ2JHv,draft/197-0-Seth Moulton.png
580,Chris Van Hollen,1,QmTNFZ1PjFJghNxNbEMxs3yFZotvfFsoEsz8cyF9i1ND6y,draft/580-1-Chris Van Hollen.png
268,Yvette Clarke,0,QmcPjKryFTRXxmPxJrxjMQfmhy6fq6ML27jicm2nf4inSV,draft/268-0-Yvette Clarke.png
193,Jim McGovern,0,QmSKjcGXNbhYM7oxZ6dgiRJ69WnHkhuvWYzLJJ5xiEntiB,draft/193-0-Jim McGovern.png
243,Chris Pappas,0,QmNsuzq9aSXbNQpRSfZ6vpku5HFoo38rrHnYjnJdepwv5o,draft/243-0-Chris Pappas.png
271,Carolyn Maloney,0,QmUPu3eWC35c51ev9q4qEgrpoDCA6UfXPw9AbXN6Jjz1HW,draft/271-0-Carolyn Maloney.png
608,Kevin Cramer,0,QmXZioQ73DbDaxWeBZsFzt3i7MxZusn36pduDVtbW7UfRp,draft/608-0-Kevin Cramer.png
493,John Hoeven,0,QmX5jLbhJhxgP5wYmZ1dj7Yn76vRVE1NF2PEKbnVa3muhy,draft/493-0-John Hoeven.png
253,Bill Pascrell,0,QmdYtHLhCsXa2pMuNNdvKaxXSvPVPho1kSFZEMgUvsNYzY,draft/253-0-Bill Pascrell.png
251,Tom Malinowski,0,QmZNEs31KQpSChRikFFdSRxf7bBcr6reVGWW5ExrZkvRd1,draft/251-0-Tom Malinowski.png
252,Albio Sires,0,QmRtX77YVjD44TCWBUtUUU9NKJ9uYcBUWGkghrK7ru8gKK,draft/252-0-Albio Sires.png
254,Donald Payne Jr.,0,QmbhGooU8yfhf3yrtrE2rE43769jFfT1bJNK96bgNVeQQ6,draft/254-0-Donald Payne Jr..png
255,Mikie Sherrill,0,QmWcD9CgrZMA6nEvACccjiwNV3fGy9Sv1qsziMDZgzz4vm,draft/255-0-Mikie Sherrill.png
256,Bonnie Watson Coleman,0,QmYEvWiQD7nfeSzMktVuSokDd7dfpPjyw5BeUeiMLZotP5,draft/256-0-Bonnie Watson Coleman.png
257,Melanie Stansbury,0,QmeAWLfKFLs36diLNin3BVCkvmVHnDfqv4So9unegJJcZ9,draft/257-0-Melanie Stansbury.png
246,Jeff Van Drew,0,QmapHhDk2fg5XbmA71WKiPp2dHFGgecHvCxNTsfMwMiwuX,draft/246-0-Jeff Van Drew.png
242,Steven Horsford,0,QmenLswG2BKRu7chGoJpVVQvVgA1W33bt1n4YdE7Mn1Dxt,draft/242-0-Steven Horsford.png
261,Andrew Garbarino,0,QmZ4quiYu9w1VQy2X6uqzneuhsvRuRv8ejcSgzeFM2Cqq7,draft/261-0-Andrew Garbarino.png
239,Dina Titus,0,QmYELj6HbLz9L2Vs1HT8e8w53J9kR7UmbXt4PazNmFbZ87,draft/239-0-Dina Titus.png
240,Mark Amodei,0,QmVSH3KS7dJ1LKFoMUd9HDSeWTAhkA5eVD2djm3DfTLu3d,draft/240-0-Mark Amodei.png
241,Susie Lee,0,QmbqJspRFgk1LySejn12nkGRvVNryFdanuMVic1XAiTy1p,draft/241-0-Susie Lee.png
260,Lee Zeldin,0,QmW5pW32E7GptCrkvxpYwSZE4mSufD5zZiBPz9DWoeuTWw,draft/260-0-Lee Zeldin.png
262,Thomas Suozzi,0,QmeAxnfQx9Ggin8qb3mjaggFM5sy1C7HH5452rR9kXREFJ,draft/262-0-Thomas Suozzi.png
263,Kathleen Rice,0,QmXBX2xEGDcHpvo1oxhXnx1LxsrGcLySXnKUZmZKgwUHWp,draft/263-0-Kathleen Rice.png
270,Nicole Malliotakis,0,QmefGrqpwxQxDeRukTRmH3dA2pEjWbgZtiTzTE8vPgzo5D,draft/270-0-Nicole Malliotakis.png
272,Adriano Espaillat,2,QmXp44jnHpGPzpw7uBFJbbG2KNaGuuJQCSa3btBoxTZ4JK,draft/272-2-Adriano Espaillat.png
275,Jamaal Bowman,0,QmcXG88GqyWX1yffoFzhmdiECNyvHGKU7quVVEtRgeMsG8,draft/275-0-Jamaal Bowman.png
276,Mondaire Jones,0,QmbDnQSwmNFZECX11pWJct8LjqJtuNKt1evSTH8mFub3q4,draft/276-0-Mondaire Jones.png
278,Antonio Delgado,0,QmRA4CYkF5avPYTyp1A4VHtu5XXdXYDirgWxfdcnQNnNDF,draft/278-0-Antonio Delgado.png
279,Paul Tonko,2,QmbcvGV6NrTkxnee5NJCa8ozjscmEkQyW2MAqR8uFWy26Q,draft/279-2-Paul Tonko.png
311,Mike Turner,0,QmPtB16xdKUXMeF8tnuDHVjx6YtDEHY5jYwKUsQywkwV7w,draft/311-0-Mike Turner.png
284,Joseph Morelle,0,QmZANVqY3FFhJUZRQWCvSvSP6qXPi7eAyaWab6gaV9gm15,draft/284-0-Joseph Morelle.png
285,Brian Higgins,0,Qmf7KL9yPpsCaas75c6u94dKpDEgvHrmuV4UaZLqskMsaj,draft/285-0-Brian Higgins.png
286,Chris Jacobs,0,QmYFdsfb9W4b5Cvt8UNPtk9sPvQK3CSgyNxB34WeFnLJEW,draft/286-0-Chris Jacobs.png
302,Steve Chabot,0,QmUyyWVHDwp3JESkmQC2iQh3cFUJidJVfd1eeuTVFP65KE,draft/302-0-Steve Chabot.png
303,Brad Wenstrup,0,QmeK8chmd6xWFMCaWBbACCjbhJ6dFpTMoa4NkBwyQFPVKT,draft/303-0-Brad Wenstrup.png
511,James Lankford,0,QmRG3PfC8MXW3F5umJ2ZJR4QyPmqHXW54chHJNqVZibuYM,draft/511-0-James Lankford.png
312,Shontel Brown,0,QmR6YFCwMczWQeKDsLYSQwt3RNxgZ5BpPfgaB1W1K76JBg,draft/312-0-Shontel Brown.png
313,Troy Balderson,0,QmUHLKmY1FH7LdjmEoeUUKgfUjiLKjJR1qoiQRMzvD88ej,draft/313-0-Troy Balderson.png
316,Mike Carey,0,QmVXz8Y6BjL3hZayJc1Y3ggcPi97tdBncMyEhV6tqmG8Tb,draft/316-0-Mike Carey.png
318,Kevin Hern,0,QmPYENNppXShxdHPdbFWiibj8SJSPGGQuKuxybGVPAfuhY,draft/318-0-Kevin Hern.png
314,Tim Ryan,0,QmSwAC6M7pkjXaFVfmtdHMQLAHVBpciikPoRqD3EuyvnVu,draft/314-0-Tim Ryan.png
319,Markwayne Mullin,0,QmRsQEioLL1mqQp3KGufrmqqo67ghjDveiPR9SNj9uUZn4,draft/319-0-Markwayne Mullin.png
315,David Joyce,0,QmczJhksLk3pfP8AycDte21SrAnforpQcvTb1bf9KACcga,draft/315-0-David Joyce.png
323,Suzanne Bonamici,0,QmXUsF2KjpMqQBLyaj311aJxxvYij5ACinrLgReFPQ3p2x,draft/323-0-Suzanne Bonamici.png
337,Scott Perry,0,QmVCWKC3TRQQ33yWNpH9VAyarXZsNeZuyYAdUjz7gPq1X7,draft/337-0-Scott Perry.png
326,Peter DeFazio,0,QmRK95DjB6pGQt4e7xTBcPtTeGn6rQnb1RaVXZF7M4Kjdt,draft/326-0-Peter DeFazio.png
327,Kurt Schrader,0,QmaLFKWisFgubQra726UtZGf4ctWzq2zasKr3LF5K64BNW,draft/327-0-Kurt Schrader.png
614,Jeff Merkley,0,QmbVCs6WaQf4LgfBCFmMebkaSLWz1q6bHrrQ5SgssHZkTK,draft/614-0-Jeff Merkley.png
328,Brian Fitzpatrick,0,QmWa8Hcg912UL3Zq2f4FLnjcMb8xHGfFQ7StsYYcVKFe87,draft/328-0-Brian Fitzpatrick.png
329,Brendan Boyle,0,QmZSVfoYhGDqqAKXz9N4PzQg4J36oUXZyMbicXJz3FwAvw,draft/329-0-Brendan Boyle.png
330,Dwight Evans,0,QmPy1JQHRLkEthF1fB5K2bEFPNZSth9DmuKraiwsxoenKt,draft/330-0-Dwight Evans.png
322,Stephanie Bice,0,QmZTebR6TyQvwtAb8WZJPsyQTg7n5yP1H31AB7DoU8NJ7Y,draft/322-0-Stephanie Bice.png
336,Dan Meuser,0,QmQRrKzK21NRcBuNQ4pgUCFj8EeqPoD2ZTNMe6WfaYCyts,draft/336-0-Dan Meuser.png
341,Guy Reschenthaler,0,QmVvHDR9EucnNpaFeSkHLysDWzpgamZeKC2bufDNR8DC6r,draft/341-0-Guy Reschenthaler.png
340,John Joyce,0,QmaR2odxKA9Z5BPG5G75v8UELixEZgpZZ4tY5REkCjBMC6,draft/340-0-John Joyce.png
342,Glenn Thompson,0,QmcNRRbVVm6FHyCR9DFLQLUMMyWt8JKqgpYKGTfcPt4Vw4,draft/342-0-Glenn Thompson.png
344,Conor Lamb,0,QmauUVNHBCyEkiBcWZsdCYCzhqX1Q5Nm8nyU5jZyGGkzhH,draft/344-0-Conor Lamb.png
345,Mike Doyle,0,QmQsArgcsRcyjrpHCE3kt4W2utQnuZtP7JGW37bRGAih9U,draft/345-0-Mike Doyle.png
518,Sheldon Whitehouse,0,QmeHMAkamunszuhdSguJNXKSdn3vVFFSzgnmWxTjFKSpbc,draft/518-0-Sheldon Whitehouse.png
350,Joe Wilson,0,QmQZRucu3f7bEA8Nb7oDruRbNnoVVd5rwddCnh4YvVU798,draft/350-0-Joe Wilson.png
353,Ralph Norman,0,QmWiAJxGttzk1QSM3ir14SgE6desMbuAsgvo2GgDf6ZKp1,draft/353-0-Ralph Norman.png
354,Jim Clyburn,0,QmZjYiHFBaHDs1CEbHBQtd2pNma29A2tCay3PkenG6bnAa,draft/354-0-Jim Clyburn.png
355,Tom Rice,0,QmcGUDPM5kdtpPrn4vdSae7iVXyiNEbojpFpwZEHaMxyNF,draft/355-0-Tom Rice.png
357,Diana Harshbarger,0,QmXYTmcccCP1GjhMq9Tp2rC26CpMU9thEX9TjkfjuBphwy,draft/357-0-Diana Harshbarger.png
358,Tim Burchett,0,QmRQuax88qzdjuTf5bSiapcDbf98irxZ89sp4iQ2CiZGg2,draft/358-0-Tim Burchett.png
359,Chuck Fleischmann,0,QmNtq7hjGWAUKR9SisB8yggru4Lh6nYLPBxvpnja8VQH5t,draft/359-0-Chuck Fleischmann.png
360,Scott DesJarlais,0,QmcLefD3aRiccfMb1ngF5xKnifaXkh2Xf2tzUQjeFS7Ub6,draft/360-0-Scott DesJarlais.png
365,Steve Cohen,0,QmeqjCpBNydwraawBuvM79EYz3MRcTEUQYHouzitEy3gFc,draft/365-0-Steve Cohen.png
366,Louie Gohmert,0,Qme1TjDkR9GEvjwdy5MUd2fhmGuUGfWhaF5PCE79q1wXHq,draft/366-0-Louie Gohmert.png
379,Randy Weber,0,QmctNhghgvU6aJ9uDqFh7P1e73mWdJiCGtiDMdeqPaWuGp,draft/379-0-Randy Weber.png
370,Lance Gooden,0,QmeP33ZNo12UZFnJDxnWJqSq8hfyTfzGbj1gPXaqLSH89U,draft/370-0-Lance Gooden.png
371,Jake Ellzey,0,QmVeZjcqRupCrBUp2Jb9U7CMbr4PEaeKjv5Wcs7dDVvXQV,draft/371-0-Jake Ellzey.png
373,Kevin Brady,0,QmQstgkLombcDjE3Tt4GhyjRkwWoEeMNG1RA8BrEMwCPHd,draft/373-0-Kevin Brady.png
376,August Pfluger,0,Qmavi1gVTpRxbXNoboExa7YczazoWGVtS8FnyKikMrPwML,draft/376-0-August Pfluger.png
377,Kay Granger,0,QmaZtZjuJyaZbCk8JoxU1AbcjEqJ7tMGoJvdizBVf4mabg,draft/377-0-Kay Granger.png
378,Ronny Jackson,0,QmXsZVhkqgeC7si7seR3VVRcnbr9tSk58RRLXCgTyjXK94,draft/378-0-Ronny Jackson.png
386,Chip Roy,0,QmesWc1QzHHcaC8mx5B34Gu4GYQzpbmHpJXexnG5ehV24w,draft/386-0-Chip Roy.png
387,Troy Nehls,0,QmXrrHVoELMqcHJybtEzbsEnq11fTAQE16RVcT5euuDjTc,draft/387-0-Troy Nehls.png
388,Tony Gonzales,0,QmPR3UKHZTAFGSFAgKUpoQC9MscLeWMkjvDbXzbfqqwbgD,draft/388-0-Tony Gonzales.png
389,Beth Van Duyne,0,QmfM9DvTjeJu8XRrzxHnMvSU36mnwYiwCYjX2pb6yUYu9M,draft/389-0-Beth Van Duyne.png
391,Michael C. Burgess,0,QmNUFSeqdBmF4wTfmRgEfALamK3vpYUp8Q7gpW5k9wQ49p,draft/391-0-Michael C. Burgess.png
392,Michael Cloud,0,Qmd1rnCYc6bH48NNZaWCz7w92gGcJ2iRsv9Rv9Rd27Ek6E,draft/392-0-Michael Cloud.png
393,Henry Cuellar,0,QmaGCgBJ8QcTWZ8YREkEc2cnjPSwCstGfrNJiG9SzmCtrb,draft/393-0-Henry Cuellar.png
395,Eddie Bernice Johnson,1,Qmb1GM62rrx18NfYoNQorZ8cz8CrGr8g5YQxhFjhBCxmc5,draft/395-1-Eddie Bernice Johnson.png
396,John Carter,0,Qmbea51QecEQU6j8Rnq4gZFmmD7jqT31ov67crWVSLaqsz,draft/396-0-John Carter.png
397,Colin Allred,0,QmPpjQAQsyu8iRqtyHKdujVpRN2x3m9k7uXeka5nY6JFjn,draft/397-0-Colin Allred.png
384,Jodey Arrington,0,QmQzXZH2QXMhvBNawQT5MhpxDk2tX8rjf5ZBhBAyXK5WDP,draft/384-0-Jodey Arrington.png
407,Rob Wittman,0,Qma6a1bGkWF3qFVFuMYVMhER9x5Nw5dr7oHDNufeNGoRJR,draft/407-0-Rob Wittman.png
409,Bobby Scott,0,QmcA2huHH49LqvMJ2HXatJkQthdkqR7zdfC6kZ1X8gxEVt,draft/409-0-Bobby Scott.png
436,Scott Fitzgerald,0,QmSA2kzNzqEKo58TMCeTcuRkbK5jded2xsyLD4njYBmB1K,draft/436-0-Scott Fitzgerald.png
400,Lloyd Doggett,0,QmUgKVgc81eb4AM52cZZfV2qLYQ4grGLmc1nAMvBJQjASF,draft/400-0-Lloyd Doggett.png
416,Jennifer Wexton,0,QmVrXbCTWkk6ozNshJEWcRB2vKCudXMaM4htua5XiiZwpF,draft/416-0-Jennifer Wexton.png
530,Tim Kaine,0,QmfMys8roNsbNmiWHdqWEGED2PqjeyuXM3ggDsnrx7iS5x,draft/530-0-Tim Kaine.png
418,Stacey Plaskett,0,QmV6neidegN28HjMwMRokgqhqVWVYU3jPyLDh9YY9RUZad,draft/418-0-Stacey Plaskett.png
406,Peter Welch,0,QmV8yU2JDA7JEwBPRHTwm5R5AfZYBPFKkPzhdwvqi7Ebmr,draft/406-0-Peter Welch.png
532,Patrick Leahy,0,QmX79NDgT1FsAzdRkwbCcJ4dQGwbXnUF3HvGS6pexFhYUp,draft/532-0-Patrick Leahy.png
424,Derek Kilmer,2,QmWRmjUyBTzWQev6GJQfpakhmTeevEL2hMXQTNcwyhcWur,draft/424-2-Derek Kilmer.png
433,Mark Pocan,0,Qmbg9wDtyZ9PUC3Xj4fsEfG9h46kb9TDcQPFapzQUNBqut,draft/433-0-Mark Pocan.png
434,Ron Kind,0,QmcgrrfzEzikcSMXCwqCkWJx95rPzphWSJNBPLHbTaHod7,draft/434-0-Ron Kind.png
435,Gwen Moore,0,QmbizQ32fYEsWvWojqZNiAUiKrWLTAqVUyDXJy4Yf5Fvpz,draft/435-0-Gwen Moore.png
431,Carol Miller,0,Qmadg6UjMGYBAzjrvLg92VxfUmxX2BuvnWYaT89XJMsCDd,draft/431-0-Carol Miller.png
538,Shelley Moore Capito,0,QmSc8QVf8UAFPZfdPLPauEsqCtE8QCThJ3o2Xc1MtbJWvF,draft/538-0-Shelley Moore Capito.png
639,John Barrasso,0,QmYdaAkBpgVYKAAGNfBXxFEqNpe29KYvVDGJdnjpgMtA79,draft/639-0-John Barrasso.png
21,Bruce Westerman,0,Qmc5RxbfunT9urvJ9vrJ4Ck5Lf65v4KFcttr92Z8hxowUq,draft/21-0-Bruce Westerman.png
438,Tom Tiffany,0,QmWkxoyAEddE8oFXTnQD4jqK95aL8arVQ6W4wq2GmtfB8H,draft/438-0-Tom Tiffany.png
53,Grace Napolitano,0,QmWHkTx5rRZLKKNGrAFkMNoD4bkQYW9PqcoqqJoFnKAEAv,draft/53-0-Grace Napolitano.png
105,Greg Steube,0,QmUG5iZtWtbrCgN32USNiLajNe1x8YbtQhEytcgNvN8vWG,draft/105-0-Greg Steube.png
118,Drew Ferguson,0,QmXLXpXECCw9QDyuqwpHcS7MsKGJngMWGHfejf6AcjFAS8,draft/118-0-Drew Ferguson.png
131,Ed Case,0,QmQhF2KSLrxbRLoC6zbn2TWEeWzqmFiusVuNE7pQamf7JT,draft/131-0-Ed Case.png
151,Cheri Bustos,0,QmcD81zpVoYhWGfX2BFQmaLysGepBxuEdBkKPLZdWep7Th,draft/151-0-Cheri Bustos.png
136,Robin Kelly,0,QmcxCfndpKdCzd7PKjdYYnSGn39f5znhkjXnnbEtWaqsok,draft/136-0-Robin Kelly.png
166,Tracey Mann,0,QmXZoiEqCeuntvxKLmiKBs6eXDCqvkSDWxvpomCfuQKouo,draft/166-0-Tracey Mann.png
177,Troy Carter,0,QmeUCk1xv19hsTvZxGgvbS9vBE5sBFJSEp8Pk2srdJ9uRM,draft/177-0-Troy Carter.png
258,Yvette Herrell,0,QmX66g8ZdNBjhMenTf2bUxkvLrKD9aWbPqKQYtu2kJ7c8t,draft/258-0-Yvette Herrell.png
245,Donald Norcross,0,QmdQbcM4wrozUbqx5bwYJMudb4eCM7BQvt2VNnLxQ55PPH,draft/245-0-Donald Norcross.png
325,Earl Blumenauer,0,QmTLYL4KZAYcBvFCVQHRWyHr1pAmpR7FV8gigFkAiHSr6R,draft/325-0-Earl Blumenauer.png
321,Tom Cole,0,QmYcj2jrhnBJQ59ymNz7RHdboMEvzNXYCpyU9hxHauS35A,draft/321-0-Tom Cole.png
332,MARY GAY SCANLON,0,QmQc173tPMubBXCPgesaoDVWULhBQZrfHgj1ftXBpPirQu,draft/332-0-MARY GAY SCANLON.png
615,Bob Casey,0,QmebwCe4bGSrwAopDifLSLPV1kMp4b2XXrEuAyxEuN4AZU,draft/615-0-Bob Casey.png
356,Dusty Johnson,0,QmePH7HFdMLp63nFLY2qq7DCY1TzjcGftz6mAPGSuEcw9u,draft/356-0-Dusty Johnson.png
333,Chrissy Houlahan,0,QmWDCxfyAqr8ki8vRnJbm5m2hegA9tA6QUKk9Tji2ryK97,draft/333-0-Chrissy Houlahan.png
410,Donald McEachin,0,QmdMdNivr9FHvsqrMGFd9zX2yT2qcQc1n94zT5Thz8okYM,draft/410-0-Donald McEachin.png
437,Glenn Grothman,0,QmPeN7QBajrakF5xxjFVq4PJWgQPz7FSkugUbHMDxBRUt6,draft/437-0-Glenn Grothman.png
398,Marc Veasey,0,QmUun7hnpboyYv3SQLPkhaCzJ2prYcqSdjmDvEcCm8odkW,draft/398-0-Marc Veasey.png
399,Filemon Vela Jr.,0,QmSEhftyBSpb5ASK6r3uBz4uFrNfFedhtqDFAXwH6LYokc,draft/399-0-Filemon Vela Jr..png
226,Steven Palazzo,0,QmXuqDpNmcNLRLmLpK3fd4HZhoY8E4ST5L98qvBvWWKhQG,draft/226-0-Steven Palazzo.png
238,Adrian Smith,2,QmWAjqxuxr2CxxEMWw8d5qGedW74isqsDC72gcXjtQRhwz,draft/238-2-Adrian Smith.png
306,Bob Latta,0,QmP7s5xQCUmatn97mke5qFsbzh2p4mp771r4EpsHqo7LFh,draft/306-0-Bob Latta.png
343,Mike Kelly,0,QmUMc8h5cYsbwHbUBoa15GZoDbdDboUBVkiswqGhvikZ8n,draft/343-0-Mike Kelly.png
524,Marsha Blackburn,0,QmRkv76NJZxr2QVJCru3UTAGvtgoLpivog7RzntyC7jeEp,draft/524-0-Marsha Blackburn.png
372,Lizzie Fletcher,0,QmY9Axz33z9MCUnZFF8tJ93ZQXbX4nnWUYhSvbppKzjH5y,draft/372-0-Lizzie Fletcher.png
381,Veronica Escobar,0,QmR7YuHc8KGL9H9u9iDpFtEZrB1KJbGMyuAjZ411dZZaYS,draft/381-0-Veronica Escobar.png
308,Bob Gibbs,0,QmQ3LBhp4RzjLLtEbDyac3rUZQN891mrjfHHxrENCPZVMZ,draft/308-0-Bob Gibbs.png
68,Alan Lowenthal,0,QmaTms3GfkeRCDpy2XZG6kBoNtx8AyTwiwpksaRt8bXJaE,draft/68-0-Alan Lowenthal.png
92,John Rutherford,0,QmZGcY3jfNngr5uK4tkhgmcUxew91yCmuXZTaBk6Nwfv34,draft/92-0-John Rutherford.png
562,Mazie Hirono,0,QmPVSpADdGPv88bCBYmZ8N9e6fEHFYDe7oKbzaRWHW1asA,draft/562-0-Mazie Hirono.png
215,Jim Hagedorn,0,QmSxgtEP8jYSvzVuW4zrP6kyCYiQSqjqpchqgWxCjvoSTe,draft/215-0-Jim Hagedorn.png
46,Mike Garcia,0,QmQqNu1X1niPDrB3B8EkScWmhhoRtZ63yviJYeaPbZpxrs,draft/46-0-Mike Garcia.png
57,Raul Ruiz,0,QmPKjdYZParfjsdf9E9pJEedHcHTL9gXvmWfzkQFNV4X71,draft/57-0-Raul Ruiz.png
114,Carlos Gimenez,0,QmcAyj61VPDQP9Pvjuaj3auAK8xCauqPHtqoLj4seEPRDT,draft/114-0-Carlos Gimenez.png
571,Jerry Moran,0,QmXHkV6agJsWVo1ECcCFPRkkqwuuyP3pmf4SbgGWQb5jZt,draft/571-0-Jerry Moran.png
265,Grace Meng,0,QmQaPd7o1MH8jXa6GrNfjXRtyuxQFXMnVfpHLyBhxujft9,draft/265-0-Grace Meng.png
120,Nikema Williams,0,Qmaw8eVF29Hy6NYwn3jzv8iGA56FKoVFtqxddvZh318RpY,draft/120-0-Nikema Williams.png
568,Mike Braun,0,QmcuwTzjifEPsFJhEokPbEyF9ysfUkwn1YfmUbs7wqx7bw,draft/568-0-Mike Braun.png
456,Tom Carper,0,Qmcwu3WCPesjicchEd1LMTssETNNphRXMtATYSzoRuEovi,draft/456-0-Tom Carper.png
190,Kweisi Mfume,0,QmZuxyEq8ris6kLNPudQ6joE72EFYqTSfxgJHJwBKJU99V,draft/190-0-Kweisi Mfume.png
454,Richard Blumenthal,0,QmVyyMsUq3Xg8vnj1qXVrKPz4SrpoKsJTt9Xvkjgxosm8q,draft/454-0-Richard Blumenthal.png
380,Vicente Gonzalez,0,Qmf1UjrEAQP8qYRKTxFHWCoC1Y8SDuQ8acpnqfX1afSM1Y,draft/380-0-Vicente Gonzalez.png
230,Vicky Hartzler,0,QmaBwuQZm7SeiogtQdvtbPuvb9gLYzsgX2PPjhUfyyEPAG,draft/230-0-Vicky Hartzler.png
24,John Garamendi,0,QmPry6dERPYSbZ3H3TQ3y8XQwSmgweg5MnXDZ6LjjZRY38,draft/24-0-John Garamendi.png
69,Michelle Steel,0,QmTo8dXvDQ7wHgcdGv3N6pkcWbFHq8B4CHM2Z3rYAokBxr,draft/69-0-Michelle Steel.png
578,Angus King,0,QmXsWmYkQFJ7JTgodwbLmXBC41dddKbJWvphYc9uoRrfXS,draft/578-0-Angus King.png
417,Gerry Connolly,0,QmfZgPmikjBytvmXCht9QwbN4d1aUEuCXehj9shEQWts4G,draft/417-0-Gerry Connolly.png
496,Thom Tillis,0,QmPFMfJtLrepFRfjWKsSjpfiLs1rH8N7Hg4aBUmz37HCeW,draft/496-0-Thom Tillis.png
281,Claudia Tenney,0,QmUHe5cm8CAdgsoWVtWHFHwL7QeJEEsZPphueb8bYddHcv,draft/281-0-Claudia Tenney.png
339,Fred Keller,0,QmQ6G6yaDCLbprzWC4SdFDkU1NiAWik77ZUnz797zUekcK,draft/339-0-Fred Keller.png
259,Teresa Leger Fernandez,0,Qmdy2sSwHNNX9uPgkEL31kdS7xuxGSZ1vMm9u4iZThcVmV,draft/259-0-Teresa Leger Fernandez.png
521,John Thune,0,QmWF2iJxrmY3JnSSTSyHkhBWVKDEHUsqc9HxX1rxEZc5FN,draft/521-0-John Thune.png
324,Cliff Bentz,0,QmTj1zkBfnHo7TxYYqaxgCcUgGa8g6KgvniTW8KVpSDDNs,draft/324-0-Cliff Bentz.png
483,Debbie Stabenow,0,QmTe9Y48PhXXjXErf8XEWA7CUcayG6n9LN8AYG7eNvjXWi,draft/483-0-Debbie Stabenow.png
40,Zoe Lofgren,0,QmashkRvwLRDoPhrsgzDjN8APA6CecbMssbV4iKnXAD611,draft/40-0-Zoe Lofgren.png
536,Tammy Baldwin,0,QmR1daDc6oV8suLceRfu6xtoWtgJgAfhvEXrA7wepgvZre,draft/536-0-Tammy Baldwin.png
88,Eleanor Norton,0,QmNw6MDqLuzfuXqGBw5jJ9LjFtyJvgVfH7Svb7WvwAc6NK,draft/88-0-Eleanor Norton.png
70,Mike Levin,0,QmaEFCEyHH97at5ZEumJwqn7Z2uiiqBbXjsWbMsaVC3yea,draft/70-0-Mike Levin.png
547,John Boozman,0,QmUwBGrmXwXs1e6sczN6XQguspk12xqqKXZeAAVAb2Ctez,draft/547-0-John Boozman.png
25,Tom McClintock,0,QmevWbUihPMXwTXGXbDpR42KbdkMbxXQNXcvCf8zTpVAFy,draft/25-0-Tom McClintock.png
346,Jenniffer González-Colón,0,Qma7H4WmA9kt4nN6f67WbuVE1jdf13fkmKd8yBUCa6uUX7,draft/346-0-Jenniffer González-Colón.png
56,Norma Torres,0,QmNYqWSez5uDJVjSY7VTqyWx6rf6RL39i7Wqmp8SgaJfwY,draft/56-0-Norma Torres.png
121,Lucy McBath,0,QmPnGkTGd8RrGtXmFnaZcve72aT8a5RcJGLyAqxW42W2r4,draft/121-0-Lucy McBath.png
216,Angie Craig,0,QmV62V7umhYVyK7epx96CHrncPpfEm4r7p258tCfjcZPHz,draft/216-0-Angie Craig.png
107,Byron Donalds,0,QmWvZDKr3c2A3VvTYrLLUnvP6jBbwwn1wxQXSQ24wEfajB,draft/107-0-Byron Donalds.png
222,Pete Stauber,0,QmdveYohKXPnkPoHkPz1Wdrb99B1xti2VJFBZx3VxEJcEF,draft/222-0-Pete Stauber.png
506,Jacky Rosen,0,QmcnCeR2w7hTDsvWt8ubXG54bmD6SJtCQ6nmYMPdCKbffb,draft/506-0-Jacky Rosen.png
335,Matt Cartwright,0,QmTNgyR14onJz8XR1QF2RT3x4nnxhnMLcEmXFTJQbwWsy6,draft/335-0-Matt Cartwright.png
428,Marilyn Strickland,0,QmTA1utfuQcfHBUuPqBPnKSQEWE4oe136TWDjr1tUUsFan,draft/428-0-Marilyn Strickland.png
566,Tammy Duckworth,0,QmeB7gG3M8U1HvNk4RE2zaKux2XEaFhePUFWZguodecqWx,draft/566-0-Tammy Duckworth.png
168,Sharice Davids,0,QmWn98qpK7xPd2FQuKXrAsbJT9jAfJ2HtZBmpqM3DCYFhg,draft/168-0-Sharice Davids.png
179,Mike Johnson,0,QmXoA6xhfptD4YKDF7PotiDZFDDWCenJ2ofKNee1rGpJQc,draft/179-0-Mike Johnson.png
291,Virginia Foxx,0,QmUSmrNvrr1FCggXNnQt99GmqmNAAJcb1FZtCdzGAnGrJE,draft/291-0-Virginia Foxx.png
201,Jack Bergman,0,QmWw7hR6mrDL3YGd579fh3Tx2TPoxy59mTfkS8H5rSFAYD,draft/201-0-Jack Bergman.png
20,Steve Womack,0,QmXt9C6ydQ4DzTxzyXvgPPqzSWAi44jchujykndxhjsX3u,draft/20-0-Steve Womack.png
495,Richard Burr,0,QmV28PXFrNgwoXibZVYmYQibWCJDEf9xHTRzG8LXTrj5SD,draft/495-0-Richard Burr.png
247,Andy Kim,0,QmQf1K2WwYVs4j35umTpnu3qoZpGnGDaoixBwopXKaDaLP,draft/247-0-Andy Kim.png
130,Michael F San Nicolas,0,QmQ9xU8bGcombe4tyHQ7x38iC3epskhW1MWzdpRtcFwLih,draft/130-0-Michael F San Nicolas.png
154,Jackie Walorski,0,QmeX466DJ1fUJpnMHBvsM2aEQwt4AKQ5jscebxhP56zm5d,draft/154-0-Jackie Walorski.png
310,Marcy Kaptur,0,QmWNMrTivokfMvwQHdjDFDd7jrYptCGWMkbHzdg4jPQa17,draft/310-0-Marcy Kaptur.png
512,Jim Inhofe,0,Qmaah9WUFZrguhazkRrSiRDcV3TJLosDJFGSPdS3SJsJPq,draft/512-0-Jim Inhofe.png
334,Susan Wild,0,QmeqNrtaG2aYWYW432FmaupY6CStfoZFvYvxF55BetXk6a,draft/334-0-Susan Wild.png
338,Lloyd Smucker,0,QmfGPj4fdsXqUG8SkJDgLgAv5pdxe2UCGPGsf5fRRo6Cxd,draft/338-0-Lloyd Smucker.png
347,David Cicilline,0,QmTrbqzwLopC1tXbTT12egT82KCy6Q8M8inQ5E8TLsDiQe,draft/347-0-David Cicilline.png
348,James Langevin,0,QmXbVfjCGMuEvSv284zHVwFiQJxAAyELR8Q4mDeiNoV9zq,draft/348-0-James Langevin.png
369,Pat Fallon,0,QmS1pTcuorGWruoRAtHfAYT8MXNSvbdnNMHQgJxdZkWBin,draft/369-0-Pat Fallon.png
385,Joaquin Castro,0,QmSC3DGRy7nS8qEPP9NvPZNeDLmjA5dqshVjXCm4mMjWye,draft/385-0-Joaquin Castro.png
401,Brian Babin,0,QmS4U9VaowpUWqetFGEiSeBRFgSLr7Vw58yAFsSVXRoqKg,draft/401-0-Brian Babin.png
412,Ben Cline,0,QmPPuya57HZ7YdcamtEb76JVKjRw8go4ST5qhTpMW65X6X,draft/412-0-Ben Cline.png
439,Mike Gallagher,0,QmbCc9vHPMZc2or7sJsSBjiBMho8Uy7ko2JUfC75qDMFzY,draft/439-0-Mike Gallagher.png
235,Matt Rosendale,0,QmWfbpZPb9Xj2mViRkudhNMA8QLBfMEPMHVqxt2x9Y7P2z,draft/235-0-Matt Rosendale.png
214,Brenda Lawrence,0,QmPJRnP1QhMXWyHP1jEXB2CykBrJfbmBP7BxNPkZc6Ez54,draft/214-0-Brenda Lawrence.png
3,Mike Rogers,0,QmPG1681hvgRWrLhpgNET6r2bzMKeKAw9875FTzXpC8k55,draft/3-0-Mike Rogers.png
5,Mo Brooks,0,QmeLSYWKtxTMkhykPjvyMjBfrY3CGk6CqQuFNmGhRrUEpD,draft/5-0-Mo Brooks.png
18,Rick Crawford,0,QmcfXzne3kZm81J7mCrzzbrAZgU78mkUs7kmX3Qm7otuBK,draft/18-0-Rick Crawford.png
6,Gary Palmer,0,QmYMFLXVCcAW7owmQiA1MxfqNNhzk4MLaBSyauR2B1nnKL,draft/6-0-Gary Palmer.png
7,Terri Sewell,0,Qmb6ThhUcTztQTDk9pyBD22egWcAFEZrohWbpbiCy5ckTV,draft/7-0-Terri Sewell.png
10,Ann Kirkpatrick,0,QmXzCEggDTidDdVoWLRmpuJXVfiJFB7kmNHLCd8VMsxRkA,draft/10-0-Ann Kirkpatrick.png
1,Jerry Carl,0,QmbUog8JH497pYR1aQycktcPgdw4x2p9sqcL6VeUNDPHdP,draft/1-0-Jerry Carl.png
11,Raul Grijalva,0,QmRQDGWq68xccyZkjoo5andyJGBQnFym9Fq5ECgJhJzTkn,draft/11-0-Raul Grijalva.png
13,Andy Biggs,0,Qmaf3QHNmRzwEAJ3rnVg2JFDG3BiDEAsi6a3vBs6VAX8wd,draft/13-0-Andy Biggs.png
22,Doug LaMalfa,0,QmYHSqiJhTmv6g2bckLzUy6jeTbDt9GGXufqKTKNU8359r,draft/22-0-Doug LaMalfa.png
15,Ruben Gallego,1,bafybeigsoa5gkareglieaisskztq5ig7aafzc7kkwq5lub57awg6tl32ca,draft/15-1-Ruben Gallego.png
16,Debbie Lesko,0,Qmazyz12aLSj7GWvLuJE6zsmS55ALk59tAnxqeiueWLNfv,draft/16-0-Debbie Lesko.png
28,Ami Bera,0,QmSWvMKoLdP3ZzPsq9Zs6GAi8KcCfgpUDbZs4oWDNpMtZs,draft/28-0-Ami Bera.png
17,Greg Stanton,0,QmTbUXE6xjFmCn6YfPGL4PcDcGHS5K5t29MT65efxqVUG7,draft/17-0-Greg Stanton.png
26,Mike Thompson,0,QmQ3bdvhJ4K7FoArNitirqdjMRR7wbw4vAHDoNA2LnJmva,draft/26-0-Mike Thompson.png
27,Doris Matsui,0,QmQ57T9ajizUrdEb5M5egj1ctof36VJsDUvH8rpThtfyzd,draft/27-0-Doris Matsui.png
29,Jay Obernolte,0,QmcpxHHZpAHEknDazyzQRLogFYAzA1gK4kD5Nf911trYSB,draft/29-0-Jay Obernolte.png
30,Jerry McNerney,0,QmSuzvaKs8b4VESr9qccPgvuivNcDvBgyCJD9Tkgi8LhUS,draft/30-0-Jerry McNerney.png
31,Josh Harder,0,QmPnYi9S2HR5HkdjCTgfDtbmon9zWxBvRwFNovenFDCJPq,draft/31-0-Josh Harder.png
32,Mark DeSaulnier,0,QmcSTkSCxmniQ3izZZvD4YP4X7pwVrL1fjFBP5FYk1NUE4,draft/32-0-Mark DeSaulnier.png
34,Barbara Lee,0,QmZoBrYZp9rx1xDd2AGUf7bUUbitan2uWcRSy2f4akNYKk,draft/34-0-Barbara Lee.png
35,Jackie Speier,0,QmdCq3qRWszzCbS5TxZ6BH6CZuvDyAd1tQcpERzLgju3SC,draft/35-0-Jackie Speier.png
41,Jimmy Panetta,0,QmXA8YfnuQRBswrCdLxDLoyoDziW7PWrj3rvivyBvWzVBQ,draft/41-0-Jimmy Panetta.png
45,Salud Carbajal,1,bafybeif4llwuepj4dizvbktcky2yandsijofc4kbplb3xnegxxrzx2gftu,draft/45-1-Salud Carbajal.png
37,Jim Costa,0,Qmc7MqHTJobRfiwJGZpmHxDZB5x9UM71hNvpkRem82ZXM5,draft/37-0-Jim Costa.png
47,Julia Brownley,0,QmNiq6rCCNnjttcnfzJnrQhGybfk1sHF6n2RNqWdtqdM9j,draft/47-0-Julia Brownley.png
48,Judy Chu,2,QmWTHAziswkx6Ld15WqHAtzfZTSkcP4m2cET9QmyfpxPod,draft/48-2-Judy Chu.png
61,Lucille Roybal-Allard,0,QmSdYwstPJ4XKW7s5GYV3kqPpVdSmSNmhFDQ65PDPBwvRe,draft/61-0-Lucille Roybal-Allard.png
50,Tony Cardenas,0,Qmd5XFSv3fWb6axZssmJ56efKxpsAyf8JzdHvqBQszBiFN,draft/50-0-Tony Cardenas.png
58,Karen Bass,0,QmTcm59ibobuQXckL4y8iaedk6FsCih5Mpos7nzaozFk4E,draft/58-0-Karen Bass.png
59,Linda Sanchez,0,QmbSyrKQ3MTeFHgtAdeHM6QHXMZsAzKwPV5rdjxfh1tPJm,draft/59-0-Linda Sanchez.png
62,Mark Takano,0,QmaPHxyF9qypWWQeHNpdNeHQvKJaViKsCXRwdtN94JW5iY,draft/62-0-Mark Takano.png
63,Ken Calvert,0,QmQVcdLLGiedtjnpwzFfZ7WycVNYwhQEH78pm6mu5cNdyT,draft/63-0-Ken Calvert.png
52,Pete Aguilar,0,QmexXQ6zN9hBifEP5JwSc9jeHXNn9vbrdTTfmtffd58mBr,draft/52-0-Pete Aguilar.png
60,Young Kim,0,QmZvs2TQtesda7PPVD1WY12EKzXhe2cCh9gQSnwmcqVDDC,draft/60-0-Young Kim.png
74,Sara Jacobs,0,QmZHvkmCYktkr51N8kAuFefw1S1boq8rEmLm5Je855kiu9,draft/74-0-Sara Jacobs.png
65,Nanette Barragan,0,QmTrQrzcZSRep2dRSNaJ63N5bA7mRvwT642xFjg9GQQoo4,draft/65-0-Nanette Barragan.png
66,Katie Porter,0,QmZs7RYTpHSSiMmFzsbqWtewQTo9vRxGFpoc1eFtz3YWKH,draft/66-0-Katie Porter.png
67,Lou Correa,0,QmYthyET1yd6ZLVURuopzW7a7zDvgRWi5FqN9DAaXFqTN3,draft/67-0-Lou Correa.png
71,Darrell Issa,0,QmSy51Tgx9ntjLX2tZ5RA6yvNFFvHC1CsdwRP6NHahWp9d,draft/71-0-Darrell Issa.png
76,Joe Neguse,0,QmZS6dXcJQo9aFiyEUKWH9bF3U8D1rGt1LyerbeSHW2P1f,draft/76-0-Joe Neguse.png
449,Alex Padilla,0,QmQAMnnB4PZp4w18mHYYV67WYxJr7Bhw3MaR5vWKr1R31e,draft/449-0-Alex Padilla.png
86,Jahana Hayes,0,QmeXJFXTNPzrqzPJxmn8HC5E1yyxEutHU6x5rXCWVmdDCe,draft/86-0-Jahana Hayes.png
78,Ken Buck,0,QmRg8JndyNsQnT1TyxgU76drJNo7HwJsNTSdNz9saYKuQZ,draft/78-0-Ken Buck.png
79,Doug Lamborn,0,QmXaQJ9RBfsgPLUu4qzCSSgzuGPgUxLkSHiNG57FD1J9vX,draft/79-0-Doug Lamborn.png
80,Jason Crow,0,QmPpG6Hs2akBTSFgCKHivsRXosFrv4Zf4LQjdAxvdFB9uN,draft/80-0-Jason Crow.png
82,John B. Larson,0,QmbvRrgun7Ay4q8KKmfSKqcuuvSzMph4MRbeW7YKx4CrKD,draft/82-0-John B. Larson.png
83,Joe Courtney,0,QmTE6j9R8N8fnp1cPoDYkHRSQt1arhtikjvEkKdk8hjYAJ,draft/83-0-Joe Courtney.png
84,Rosa DeLauro,0,QmVefnJkz2LfyqqduSA2dYRYWNw1bywqUtb1j4AG1iGMjs,draft/84-0-Rosa DeLauro.png
87,Lisa Blunt,0,QmepT4VRznx64xjgwSf7WFKVtyqVv2xgASfqFKRM5GDCrM,draft/87-0-Lisa Blunt.png
98,Val Demings,0,QmbNcqh1wH5dEK2dadVgksLqkAEfgAi3m22JwUJJwbDa5x,draft/98-0-Val Demings.png
95,Stephanie Murphy,0,QmPaXBFUfijMpp6L5GoEQ8JFp7rCuqaDspW2zRTpRKscod,draft/95-0-Stephanie Murphy.png
99,Daniel Webster,0,QmfYeEbgBPXjp6JczMCArSeST6VxiTAHY62EKtGRKbiVnG,draft/99-0-Daniel Webster.png
101,Charlie Crist,0,QmcLYnQBzckoL2n427mhmTRyDmrWTPDpEKU5MZchyWmSi7,draft/101-0-Charlie Crist.png
102,Kathy Castor,0,QmZUBqB5VrnH5CJmvxi4aFKaFqkTjiatAwGtkup9nNaK1m,draft/102-0-Kathy Castor.png
100,Gus Bilirakis,0,QmV7SoEUPJQ9wrmqBBQWAQ1PCkWr6rhrbHrUwivwUfmEYq,draft/100-0-Gus Bilirakis.png
103,Scott Franklin,0,QmZLXbCLkq1W3c2quunmUnMxC4jwpTL6wMQizAsbxF5yn1,draft/103-0-Scott Franklin.png
104,Vern Buchanan,0,QmaeUQGTrshENu2P2YbKjxdvZPxoHiKg2MqUA23e2nWZta,draft/104-0-Vern Buchanan.png
112,Frederica Wilson,0,QmNv8do1jZZpU5Kvi3oC5HCT3xf9DFPpQVMeUZYAAKXCPA,draft/112-0-Frederica Wilson.png
91,Kat Cammack,0,QmSvLWAPtbBgDrpUjKTpyQHLv3qfbQBuuiGHSem6X4ae8a,draft/91-0-Kat Cammack.png
116,Buddy Carter,0,QmZ1BMgPfP1HAX3HrtfpD2H7LHXxGysZcKcSTcb3kfHLus,draft/116-0-Buddy Carter.png
108,Alcee Hastings,0,QmNdXBc26SMz2Ga3rxAnb4YHje8uVLf1hS8G4fqxUmhh2T,draft/108-0-Alcee Hastings.png
109,Lois Frankel,0,Qmb6B27tTE8t2N2yYJnBnHvo5G36rZLQhF65Vt3aJbNtpP,draft/109-0-Lois Frankel.png
110,Ted Deutch,0,QmWHYPD7jMuir6iNK9MwzdkVx3A6Ltqb1eErimBeYbqY2h,draft/110-0-Ted Deutch.png
113,Mario Diaz-Balart,0,QmTyhJ5xJeKmp5cDEP2dxVWVHWrLrb5tbZyuayTw5QZpm3,draft/113-0-Mario Diaz-Balart.png
122,Carolyn Bourdeaux,0,QmeDfmNNGS9GxNBbmZfcZmFexT1zcJC7ThnvrZu1e4zRhQ,draft/122-0-Carolyn Bourdeaux.png
117,Sanford Bishop,0,QmPzcW5eVfHkUX3ccskndVtmqRyMQT4QMkUXYgotjcKebq,draft/117-0-Sanford Bishop.png
106,Brian Mast,0,QmRF42pCzmtRdncStvRjbwD5Z66JGgYy9dNR7ch6pFXxPX,draft/106-0-Brian Mast.png
123,Austin Scott,0,Qmf9EnZ5jBaZKzTkzcxRjxBUJ5nhAcX55RR2tJqZznYcZw,draft/123-0-Austin Scott.png
124,Andrew Clyde,0,QmQsPqETerb8wT92rHzcCmDtkQi2fqriKvxAy8diuAJ8fa,draft/124-0-Andrew Clyde.png
125,Jody Hice,0,QmTE1cxR75aQyRmUhWN5bA17i3cXMi2UNBdiwiUH7V9KU8,draft/125-0-Jody Hice.png
127,Rick W. Allen,0,QmUtLAL8KLEZoiBKsiHn6tYYHgoE6hT6wPek5Sdw4mCNTv,draft/127-0-Rick W. Allen.png
133,Russ Fulcher,0,QmfUWhGqmQeURBLMfChCapw7mWX8LjXDmgqerC9fyE6HNN,draft/133-0-Russ Fulcher.png
119,Hank Johnson,0,QmeFPqBWESpoNb5Y2LgGKgbQ2tv5m9qo7Kz4dpGakFPVEb,draft/119-0-Hank Johnson.png
561,Brian Schatz,0,QmUKAikKDnuYdmvSGqGPiS7V9G6iGrCJ9MBeTXH6HfvLos,draft/561-0-Brian Schatz.png
162,Ashley Hinson,0,QmUy4gWUn8rYX6vFaFMHALFuLMDTY3eSVE5RPM9y14q5j2,draft/162-0-Ashley Hinson.png
163,Mariannette Miller-Meeks,0,QmP4ZzPD8gC8f36DSFvzmjX2dzDsEWAjmjpwnKK9tdvHvF,draft/163-0-Mariannette Miller-Meeks.png
135,Bobby Rush,0,QmYWddPMwh7D6bcPaKvDfDyTcGzU92yCcLAcZ9ac9Zfok7,draft/135-0-Bobby Rush.png
132,Kai Kahele,0,QmQ5dhcvpwND6kVLaoEPfLWTktex5mCcdXoNy6VWTXo6mC,draft/132-0-Kai Kahele.png
165,Randy Feenstra,0,QmVeUHSmXhB39Rm9TaLpaixgHkaiLBv3tBoyncQHWmfmFt,draft/165-0-Randy Feenstra.png
134,Mike Simpson,0,QmP9Rmt9tDAtgFKQvVgEDpkCEkPykCGGiaFygza6cdBcVe,draft/134-0-Mike Simpson.png
139,Mike Quigley,0,QmQfqK8TB7M9Tr6uhAZjrdJbzN7nGyhqu3QRNdi6rYN8UL,draft/139-0-Mike Quigley.png
141,Danny K. Davis,0,QmTJfHuwp5iNJ2yY7ddgqk1UAkJBjkfbt7W84QdfG8HHeJ,draft/141-0-Danny K. Davis.png
146,Mike Bost,0,Qmani8g2LZ7TZeND8mGAn9nNBk1yKHGwaCsgDZY5NSLG5p,draft/146-0-Mike Bost.png
147,Rodney Davis,0,QmSeJQALayscNvM9VtdQz5vjzSkhSHisbSLux3TzRTRj3t,draft/147-0-Rodney Davis.png
148,Lauren Underwood,0,QmTRAKChvUKBwnk2d7wr7ZFZbp71P6w5JM8JQC4fJ88U5Y,draft/148-0-Lauren Underwood.png
149,Mary Miller,0,QmXdraBBsfjfcUFsrrygjQJrf59kvkJysz1FCQ9HhrpUWU,draft/149-0-Mary Miller.png
150,Adam Kinzinger,0,QmZPtLdqRFyZsg2tsrEgeWn5XKHNRtYiDdHYXSpx9d5AvJ,draft/150-0-Adam Kinzinger.png
169,Ron Estes,0,QmXR84NH1AExe5UtXu8zdoftscbe9jLN7ikitptKgpZNJf,draft/169-0-Ron Estes.png
155,Jim Banks,0,QmcpzPn5w7UWePnP8TK5YuAEowSkTZ7HGuBrgAE6ty1M6v,draft/155-0-Jim Banks.png
157,Victoria Spartz,0,QmU33VtzoZrfwVWnXrdUtPey6czq9hHHULG3N1E7bddj9j,draft/157-0-Victoria Spartz.png
158,Greg Pence,0,QmPj9jzHTixSvXDEvKprgrEEzE7nGNwrJ5QoXVmY1LAfok,draft/158-0-Greg Pence.png
159,André Carson,0,QmTn7BmCaReLNGAbg6Y2nkwAvEq3gyD58bgp9tGVon5rFv,draft/159-0-André Carson.png
160,Larry Bucshon,0,QmNq5UgNc6KTekKoA5jT7tU96fTZnmVwtAGk1gddR9DcV8,draft/160-0-Larry Bucshon.png
567,Todd Young,0,QmQx75kjj94wBcaFqcGeF4rvZWb591KBohENABkCC2DByL,draft/567-0-Todd Young.png
153,Frank J. Mrvan,0,Qmc97qf1LcD6kpGqSSA2Gwu6tw68i3rafVxCcx1yy8BrtL,draft/153-0-Frank J. Mrvan.png
156,Jim Baird,0,Qmc754onCV4J4A5GM6D4zuXQeKfnQoESNBLD9DyEHYJboe,draft/156-0-Jim Baird.png
152,Darin LaHood,0,QmcRARbeKuWMHfrBe4oFVqjnQ1STgJZ4CA85N1YWXiLeP6,draft/152-0-Darin LaHood.png
170,James Comer,0,QmS4Y1nmFLJ5qjQC5xshusd3ZRmPD1Dncgg5b16MrVNyVa,draft/170-0-James Comer.png
572,Roger Marshall,0,QmZ8qJwvqH7uupj3DsCdVnC5MpokZD1WiMfuFSwaAYutmp,draft/572-0-Roger Marshall.png
171,Brett Guthrie,0,QmW2FsXbu6sDSwFuajEzLfgTkZ76ffqEXvM4Q2DvMC8zbT,draft/171-0-Brett Guthrie.png
172,John Yarmuth,0,QmZsLYw9LWxV3hUuBpQ5sNgd5eCfzA5feBkKpRmQ6AoT6c,draft/172-0-John Yarmuth.png
174,Hal Rogers,0,QmPAY8pnpnPXLHSJ7YJbSZhEMAr5ruw7YECcaTk5p9JXry,draft/174-0-Hal Rogers.png
181,Garret Graves,0,QmcNfentWWCCtVBmkvYQeQyTvzpgwAAA5k2rTyX5jqt36p,draft/181-0-Garret Graves.png
180,Julia Letlow,0,QmRG3onCNUUcu1rcJUQeMjrBU8g7vP68AdeAj3cjZp4Wnd,draft/180-0-Julia Letlow.png
167,Jake LaTurner,0,QmTDe9PMz4u5KNGaynqhx1ypn1AQ3nxg7JN7qAVBYMccvD,draft/167-0-Jake LaTurner.png
178,Clay Higgins,0,QmUs5S95xrJPBxhneXSGZhdvrv7K4ZLZzsNZ5fhM93KNk1,draft/178-0-Clay Higgins.png
184,Andy Harris,0,QmTSwsq9xeQeE4NDgHL8frKZCGAyAa1siingLa2maD1ksj,draft/184-0-Andy Harris.png
185,Dutch Ruppersberger,0,QmQDi2F6GbPVSjxRkZwcd9yNJ2bNSnCD4YRoB1LsqqhG66,draft/185-0-Dutch Ruppersberger.png
186,John Sarbanes,0,QmfPJDFFiZWdSR8KJXGvohwSuGVahnHkh9BVv4X38NuSvZ,draft/186-0-John Sarbanes.png
187,Anthony G. Brown,0,QmZuTh6PHi1uihobVu9YU1UgpNkZ7GXSSywV319KxsqrQH,draft/187-0-Anthony G. Brown.png
189,David Trone,0,QmYwSUwMzynuZfCwGLwLxXL42dVMnF4jzAEhoCeRyZ1i1N,draft/189-0-David Trone.png
188,Steny Hoyer,0,QmWGhw6etHeQKNC8GWawkKUeN35YpuYUSCpApR6zNjQESa,draft/188-0-Steny Hoyer.png
206,Fred Upton,0,QmWkTq6evEuQUkV7hrC5MCNJAz3TFFDMtGPTZDSTUKmpaw,draft/206-0-Fred Upton.png
191,Jamie Raskin,0,QmPjD4Ldg847jbpshvYHyxJev5wLqYC7NCxDqZat5upg5w,draft/191-0-Jamie Raskin.png
579,Ben Cardin,0,QmUwT6kGPemzyVFFyThK4FzSn65uJiDjcMWUQ4ZMkmLSTU,draft/579-0-Ben Cardin.png
182,Chellie Pingree,0,QmRd4N4g7eJhP1tiBqmcTYZsZhex6y1mB6zwuAyj8jmUaD,draft/182-0-Chellie Pingree.png
183,Jared Golden,0,QmfUmhivSvAVodMcFWuJfyCTcyrWzDWr7rXLfGjvEkQPrb,draft/183-0-Jared Golden.png
204,John Moolenaar,0,QmSknnYZACzhy8BmNynuDBVVRy2aKMnUs1KMmq2LnXbeJC,draft/204-0-John Moolenaar.png
205,Dan Kildee,0,QmNfakWm23AXoUvyToazWEkAAV5A2BptKpb6BdJBntsHiN,draft/205-0-Dan Kildee.png
208,Elissa Slotkin,0,QmaEwg9ShKivei8FWH9rkSbKWN3MpCBE7Abc3P7stMQRBy,draft/208-0-Elissa Slotkin.png
209,Andy Levin,0,QmTcSGq2MJnQAkpcYoQ1pqNCidCSZWqMVFreQbgC2qNUuQ,draft/209-0-Andy Levin.png
210,Lisa McClain,0,QmaQFereG3M7MCwGjxHrpbBbx4zDoF7yi45phTeMav3N57,draft/210-0-Lisa McClain.png
212,Debbie Dingell,0,QmeYFnmZSpC2FsLyBrHv9QHrh9qxsDFiE3SsjYk1Tj8TNa,draft/212-0-Debbie Dingell.png
217,Dean Phillips,0,QmRNDPVKx4T2MZ7aKxK52otzC9dZbUtghNnXCCcMtAKQJH,draft/217-0-Dean Phillips.png
218,Betty McCollum,0,QmNaQVUQCERwTPvwFDW5wbecnrPmjHbyWeQZHMVveTqRrZ,draft/218-0-Betty McCollum.png
224,Bennie Thompson,1,QmdDYcUDbpzUT8XgsooeisRBWuRDjKf3xJT6baoeCNGjLC,draft/224-1-Bennie Thompson.png
211,Haley Stevens,0,Qma2312PUbjgqrTN7J1r4FUvgHYw3B4to9J9My5jeNgXm5,draft/211-0-Haley Stevens.png
207,Tim Walberg,0,QmcZ5QeydggQfNyVGtgy9Ugok2vASkv9t5xhVatNtLXkWx,draft/207-0-Tim Walberg.png
233,Billy Long,0,QmWZBReQ9j2nMaPwudpP7KJNXfCrUnNVj3gfkxG8iaVz6T,draft/233-0-Billy Long.png
223,Trent Kelly,0,QmNbxYhE8SSgu2Q63GGTac8ep6MarcNL9tQn5d9haDzw2X,draft/223-0-Trent Kelly.png
232,Sam Graves,0,QmbH1GC6bobAgog5RyXZPnQF5HcA8kZ2e2oR5evJVznpPp,draft/232-0-Sam Graves.png
301,Gregorio Sablan,0,Qmc9S4hNPYKuyBfZaLSDxfpj2spSoRJYaAPbeRtn5oabqX,draft/301-0-Gregorio Sablan.png
221,Michelle Fischbach,0,QmSTgSMh1D9ENPuhc64YQgLN4WqmVtYs88XCcbn3WbzsGs,draft/221-0-Michelle Fischbach.png
292,Kathy Manning,0,QmYgpifGPjhn6kSsbEErZA41pyLBzqPFjz4UgMvD9j6kF8,draft/292-0-Kathy Manning.png
293,David Rouzer,0,QmT8j6YpE3a71G2Tjah37zMuxuLxQu2LzHxmHtdPwMCrxV,draft/293-0-David Rouzer.png
294,Richard Hudson,0,QmYgZnafw2wkuvbSc9XX7NxMPt95Th3pSSg4zfpFRgktRJ,draft/294-0-Richard Hudson.png
289,Greg Murphy,0,QmdCCnjdLJTVSeKDrB4XdSMuQDs3QDxEuywTWBsRi9fpSK,draft/289-0-Greg Murphy.png
295,Dan Bishop,0,QmbLh5rL59UwvxN9XeVTR6Sh7LBJ3Yv13nAQtrdJfuuvDM,draft/295-0-Dan Bishop.png
489,Cindy Hyde-Smith,0,QmcDo8Lym4pm2pcXVyC8k2A3tfiPYarKcECYFgFu4rFKRM,draft/489-0-Cindy Hyde-Smith.png
587,Roger Wicker,0,QmUSvouu8kkNLzc3nsoBpGy54KW4ELhwp6RYDPtL3We47d,draft/587-0-Roger Wicker.png
287,G.K. Butterfield,0,QmQuepUBWwKnXKyF3mNqktaVTA2PPb1M472hD7BkVLgRDf,draft/287-0-G.K. Butterfield.png
290,David Price,0,QmXFUn28vf2Vs9wEk7i5YKbTwo8hFY5c6sPbTsBq7q9L1t,draft/290-0-David Price.png
288,Deborah Ross,0,QmWj2xNbzA9FD5J1a7PitnrY5m5hPTp3FSVbT38a3Pdsqi,draft/288-0-Deborah Ross.png
225,Michael Guest,0,QmW32kyFj8BZzCZ9LMmNkVt4tXYzjfS72k5EAoPjfNmnn6,draft/225-0-Michael Guest.png
236,Jeff Fortenberry,0,QmcQbij4ToEzzkgpEMmfmXcnfaAwPjJ4qMo7YaDLSu1Cz1,draft/236-0-Jeff Fortenberry.png
300,Kelly Armstrong,0,QmeGe5HQvBkbYNzvCpyPLDaKdDkVBoBcfN2hpxF88bUJk8,draft/300-0-Kelly Armstrong.png
